<?xml version="1.0" encoding="UTF-8"?>
<databaseChangeLog
        xmlns="http://www.liquibase.org/xml/ns/dbchangelog"
        xmlns:xsi="http://www.w3.org/2001/XMLSchema-instance"
        xmlns:ext="http://www.liquibase.org/xml/ns/dbchangelog-ext"
        xmlns:pro="http://www.liquibase.org/xml/ns/pro"
        xsi:schemaLocation="http://www.liquibase.org/xml/ns/dbchangelog
		http://www.liquibase.org/xml/ns/dbchangelog/dbchangelog-latest.xsd
		http://www.liquibase.org/xml/ns/dbchangelog-ext http://www.liquibase.org/xml/ns/dbchangelog/dbchangelog-ext.xsd
		http://www.liquibase.org/xml/ns/pro http://www.liquibase.org/xml/ns/pro/liquibase-pro-latest.xsd">
    <changeSet id="book-1" author="demo">
        <createTable tableName="book">
            <column name="id" type="BIGINT">
                <constraints primaryKey="true"/>
            </column>
            <column name="isbn" type="VARCHAR(255)"/>
            <column name="publisher" type="VARCHAR(255)"/>
            <column name="title" type="VARCHAR(255)"/>
        </createTable>
    </changeSet>

    <changeSet id="hsq-1" author="demo">
        <createTable tableName="hibernate_sequence">
            <column name="next_val" type="BIGINT"/>
        </createTable>
    </changeSet>
</databaseChangeLog>